question,column_mean,effect_partial_eta_sq,SST,SSA (ss_latency),SS_Participant,SSE,SSA/SST,SSE/SST,df_latency,df_participant,df_error,MSA,MSE,F_latency,P (RT),Fcrit_0.05,Fcrit_0.01,Fcrit_0.001,significant,significant_at_alpha,mauchly_W,mauchly_chi2,mauchly_df,mauchly_p,residual_shapiro_W,residual_shapiro_p,mean_0ms,mean_50ms,mean_100ms,mean_150ms,mean_200ms
I felt like I was controlling the movement of the robot,4.096774193548387,0.07945920303605294,115.5483870967742,4.322580645161283,61.14838709677417,50.07741935483875,0.03740926856504739,0.43338916806253525,4,30,120,1.0806451612903207,0.4173118279569896,2.5895387786652857,0.04013968542902416,2.4472365114692978,3.479531389577745,4.9471541850494525,True,0.05,0.16167197336060526,50.33788417090711,14.0,5.359705327136195e-06,0.9775513203302179,0.012407693272808227,4.225806451612903,4.225806451612903,4.129032258064516,4.129032258064516,3.774193548387097
It felt like the robot was part of my body,2.8838709677419354,0.01898617511520739,175.90967741935486,1.3290322580645175,105.90967741935484,68.6709677419355,0.007555196948580657,0.39037629281889535,4,30,120,0.3322580645161294,0.5722580645161292,0.5806087936865845,0.6772563161003773,2.4472365114692978,3.479531389577745,4.9471541850494525,False,,0.10966171912168296,61.0610550046358,14.0,7.63706775590081e-08,0.992266561106103,0.5697847288654396,2.838709677419355,2.967741935483871,2.870967741935484,3.0,2.7419354838709675
