F_latency,p_value,significant_0.05
2.463568360735532,0.05126746185651898,No
