measure,participants_included,participants_dropped,column_mean,effect_partial_eta_sq,SST,SSA (ss_latency),SS_Participant,SSE,SSA/SST,SSE/SST,df_latency,df_participant,df_error,MSA,MSE,F_latency,P (RT),Fcrit_0.05,Fcrit_0.01,Fcrit_0.001,significant,significant_at_alpha,mauchly_W,mauchly_chi2,mauchly_df,mauchly_p,residual_shapiro_W,residual_shapiro_p,mean_0ms,mean_50ms,mean_100ms,mean_150ms,mean_200ms,sem_0ms,sem_50ms,sem_100ms,sem_150ms,sem_200ms
latency_completion_time,22,9,141.10636363636362,0.10499546884173523,1025889.5455454544,75990.2941818182,302141.2255454546,647758.0258181817,0.07407258852746665,0.6314110799070243,4,21,84,18997.57354545455,7711.405069264068,2.463568360735532,0.05126746185651898,2.4803223063575977,3.5510270759155897,5.097526421401596,False,,0.013502733030394835,80.17807649154744,14.0,2.6223235892874403e-11,0.7481050788942121,1.886735647946273e-12,113.29545454545455,123.06363636363635,173.0,123.18181818181819,172.9909090909091,13.729874649485852,7.178420479635324,33.798776842029596,7.997707020859128,24.69208726603968
