SS_effect (SSA),df_effect,SS_error,df_error,MS_effect,MS_error,F_latency,SST (total)
75990.2941818182,4,647758.0258181817,84,18997.57354545455,7711.405069264068,2.463568360735532,1025889.5455454544
